111111111344553425232,x L2 D2 L' U' L D2 L' U L' (Aa Perm)
111111111455224532343,x L2 D2 L' U' L D2 L' U L' (Aa Perm)
111111111522335243454,x L2 D2 L' U' L D2 L' U L' (Aa Perm)
111111111233442354525,x L2 D2 L' U' L D2 L' U L' (Aa Perm)
111111111542355223434,x' L2 D2 L U L' D2 L U' L (Ab Perm)
111111111253422334545,x' L2 D2 L U L' D2 L U' L (Ab Perm)
111111111324533445252,x' L2 D2 L U L' D2 L U' L (Ab Perm)
111111111435244552323,x' L2 D2 L U L' D2 L U' L (Ab Perm)
111111111345254523432,x' L' U L D' L' U' L D L' U' L D' L' U L D (E Perm)
111111111452325234543,x' L' U L D' L' U' L D L' U' L D' L' U L D (E Perm)
111111111523432345254,x' L' U L D' L' U' L D L' U' L D' L' U L D (E Perm)
111111111234543452325,x' L' U L D' L' U' L D L' U' L D' L' U L D (E Perm)
111111111425254542333,R' U' F' R U R' U' R' F R2 U' R' U' R U R' U R (F Perm)
111111111532325253444,R' U' F' R U R' U' R' F R2 U' R' U' R U R' U R (F Perm)
111111111243432324555,R' U' F' R U R' U' R' F R2 U' R' U' R U R' U R (F Perm)
111111111353543435222,R' U' F' R U R' U' R' F R2 U' R' U' R U R' U R (F Perm)
111111111455234542323,R2 U R' U R' U' R U' R2 U' D R' U R D' (Ga Perm)
111111111522345253434,R2 U R' U R' U' R U' R2 U' D R' U R D' (Ga Perm)
111111111233452324545,R2 U R' U R' U' R U' R2 U' D R' U R D' (Ga Perm)
111111111344523435252,R2 U R' U R' U' R U' R2 U' D R' U R D' (Ga Perm)
111111111425244532353,R' U' R U D' R2 U R' U R U' R U' R2 D (Gb Perm)
111111111532355243424,R' U' R U D' R2 U R' U R U' R U' R2 D (Gb Perm)
111111111242422354535,R' U' R U D' R2 U R' U R U' R U' R2 D (Gb Perm)
111111111353533425242,R' U' R U D' R2 U R' U R U' R U' R2 D (Gb Perm)
111111111425234552343,R2 U' R U' R U R' U R2 U D' R U' R' D (Gc Perm)
111111111532345223454,R2 U' R U' R U R' U R2 U D' R U' R' D (Gc Perm)
111111111243452334525,R2 U' R U' R U R' U R2 U D' R U' R' D (Gc Perm)
111111111353523445232,R2 U' R U' R U R' U R2 U D' R U' R' D (Gc Perm)
111111111435224542353,R U R' U' D R2 U' R U' R' U R' U R2 D' (Gd Perm)
111111111542335253424,R U R' U' D R2 U' R U' R' U R' U R2 D' (Gd Perm)
111111111253442324535,R U R' U' D R2 U' R U' R' U R' U R2 D' (Gd Perm)
111111111324553435242,R U R' U' D R2 U' R U' R' U R' U R2 D' (Gd Perm)
111111111424535242353,M2 U M2 U2 M2 U M2 (H Perm)
111111111535242353424,M2 U M2 U2 M2 U M2 (H Perm)
111111111242353424535,M2 U M2 U2 M2 U M2 (H Perm)
111111111353424535242,M2 U M2 U2 M2 U M2 (H Perm)
111111111445224552333,x R2 F R F' R U2 r' U r U2 (Ja Perm)
111111111552335223444,x R2 F R F' R U2 r' U r U2 (Ja Perm)
111111111223442334555,x R2 F R F' R U2 r' U r U2 (Ja Perm)
111111111334553445222,x R2 F R F' R U2 r' U r U2 (Ja Perm)
111111111344533455222,R U R' F' R U R' U' R' F R2 U' R' (Jb Perm)
111111111455244522333,R U R' F' R U R' U' R' F R2 U' R' (Jb Perm)
111111111522355233444,R U R' F' R U R' U' R' F R2 U' R' (Jb Perm)
111111111233422344555,R U R' F' R U R' U' R' F R2 U' R' (Jb Perm)
111111111244533422355,R U R' U R U R' F' R U R' U' R' F R2 U' R' U2 R U' R' (Na Perm)
111111111355244533422,R U R' U R U R' F' R U R' U' R' F R2 U' R' U2 R U' R' (Na Perm)
111111111422355244533,R U R' U R U R' F' R U R' U' R' F R2 U' R' U2 R U' R' (Na Perm)
111111111533422355244,R U R' U R U R' F' R U R' U' R' F R2 U' R' U2 R U' R' (Na Perm)
111111111442335224553,R' U R U' R' F' U' F R U R' F R' F' R U' R (Nb Perm)
111111111553442335224,R' U R U' R' F' U' F R U R' F R' F' R U' R (Nb Perm)
111111111224553442335,R' U R U' R' F' U' F R U R' F R' F' R U' R (Nb Perm)
111111111335224553442,R' U R U' R' F' U' F R U R' F R' F' R U' R (Nb Perm)
111111111334543425252,R U' R' U' R U R D R' U' R D' R' U2 R' (Ra Perm)
111111111445254532323,R U' R' U' R U R D R' U' R D' R' U2 R' (Ra Perm)
111111111552325243434,R U' R' U' R U R D R' U' R D' R' U2 R' (Ra Perm)
111111111223432354545,R U' R' U' R U R D R' U' R D' R' U2 R' (Ra Perm)
111111111542325233454,R2 F R U R U' R' F' R U2 R' U2 R (Rb Perm)
111111111253432344525,R2 F R U R U' R' F' R U2 R' U2 R (Rb Perm)
111111111324543455232,R2 F R U R U' R' F' R U2 R' U2 R (Rb Perm)
111111111435254522343,R2 F R U R U' R' F' R U2 R' U2 R (Rb Perm)
111111111445234522353,R U R' U' R' F R2 U' R' U' R U R' F' (T Perm)
111111111552345233424,R U R' U' R' F R2 U' R' U' R U R' F' (T Perm)
111111111223452344535,R U R' U' R' F R2 U' R' U' R U R' F' (T Perm)
111111111334523455242,R U R' U' R' F R2 U' R' U' R U R' F' (T Perm)
111111111454535222343,M2 U M U2 M' U M2 (Ua Perm)
111111111525242333454,M2 U M U2 M' U M2 (Ua Perm)
111111111232453444525,M2 U M U2 M' U M2 (Ua Perm)
111111111343524555232,M2 U M U2 M' U M2 (Ua Perm)
111111111434545222353,M2 U' M U2 M' U' M2 (Ub Perm)
111111111545252333424,M2 U' M U2 M' U' M2 (Ub Perm)
111111111252323444535,M2 U' M U2 M' U' M2 (Ub Perm)
111111111323434555242,M2 U' M U2 M' U' M2 (Ub Perm)
111111111442325254533,R' U R' U' R D' R' D R' U D' R2 U' R2 D R2 (V Perm)
111111111553432325244,R' U R' U' R D' R' D R' U D' R2 U' R2 D R2 (V Perm)
111111111224543432355,R' U R' U' R D' R' D R' U D' R2 U' R2 D R2 (V Perm)
111111111335254543422,R' U R' U' R D' R' D R' U D' R2 U' R2 D R2 (V Perm)
111111111442355234523,F R U' R' U' R U R' F' R U R' U' R' F R F' (Y Perm)
111111111553422345234,F R U' R' U' R U R' F' R U R' U' R' F R F' (Y Perm)
111111111224533452345,F R U' R' U' R U R' F' R U R' U' R' F R F' (Y Perm)
111111111335344523452,F R U' R' U' R U R' F' R U R' U' R' F R F' (Y Perm)
111111111323454545232,M' U M2 U M2 U M' U2 M2 (Z Perm)
111111111434525252343,M' U M2 U M2 U M' U2 M2 (Z Perm)
111111111545232323454,M' U M2 U M2 U M' U2 M2 (Z Perm)
111111111252343434525,M' U M2 U M2 U M' U2 M2 (Z Perm)